DNase-seq peaks significantly differentially enriched (DESeq2 nominal p < 0.1) in PMC-minus embryos compared to control embryos.,,,,,,,,,
Peak Name ,Scaffold,Start,End,baseMean,log2FoldChange,lfcSE,stat,pvalue,padj
117311,Scaffold533,252797,253956,45.17591627,1.183167292,0.229784808,5.149023132,2.62E-07,0.001855794
39169,Scaffold1701,92799,99065,276.8791273,0.735274099,0.152007199,4.837100489,1.32E-06,0.005602402
56481,Scaffold213,137933,139459,87.76505315,0.889247288,0.195271678,4.553897923,5.27E-06,0.012440849
141572,Scaffold783,120875,123335,107.9527693,0.708114134,0.187649232,3.773605279,0.000160905,0.224956835
134478,Scaffold698,71333,76540,275.2947183,0.560846624,0.150931872,3.71589258,0.000202488,0.229462296
118385,Scaffold543,327732,330267,130.5641869,0.634835625,0.176299828,3.600886245,0.000317134,0.272571864
97573,Scaffold3821,4449,7739,92.09966675,0.707154139,0.207319235,3.410943215,0.000647386,0.382353203
56609,Scaffold213,658599,661463,103.8789935,0.613136313,0.186923298,3.280149236,0.001037522,0.502272591
46142,Scaffold1869,11506,12567,24.65003964,0.74095773,0.241473123,3.068489443,0.002151439,NA
147476,Scaffold86,1111821,1112606,22.4380236,0.739329589,0.242201042,3.052545041,0.002269097,NA
17692,Scaffold1275,213705,216143,113.6137511,0.574385928,0.1939241,2.961911011,0.003057361,0.999783227
45742,Scaffold186,40629,46425,365.3887203,0.385371776,0.132456941,2.909411718,0.003621096,0.999783227
39157,Scaffold1701,70526,72601,129.5796922,0.507055678,0.17689776,2.866377048,0.004151994,0.999783227
133777,Scaffold69,494554,502776,531.5994667,0.357639005,0.124794385,2.865826095,0.004159227,0.999783227
31849,Scaffold1545,307715,310444,146.2972561,0.498556434,0.174987525,2.849097003,0.004384351,0.999783227
88633,Scaffold331,423293,423941,29.78960663,0.665167517,0.237795604,2.797223769,0.005154382,NA
134476,Scaffold698,65467,67161,58.49061585,0.61824411,0.221349537,2.793067109,0.005221086,0.999783227
56482,Scaffold213,139985,140725,43.06733459,0.626778748,0.225818038,2.775592036,0.00551013,0.999783227
144554,Scaffold821,242166,245154,100.3545437,0.511978031,0.185008153,2.767326865,0.005651806,0.999783227
78861,Scaffold29,245972,249328,133.0487241,0.495513676,0.181337989,2.732542024,0.006284765,0.999783227
117824,Scaffold54,43949,49920,468.5191066,0.388995749,0.142791195,2.724227845,0.006445203,0.999783227
97574,Scaffold3821,7885,9216,48.21082177,0.636562728,0.236799482,2.688193075,0.007183984,0.999783227
80383,Scaffold296,601567,604715,137.9996733,0.504187214,0.189738469,2.657274593,0.007877525,0.999783227
51799,Scaffold20,280864,283067,109.9451971,0.495995536,0.187892802,2.639779329,0.008296003,0.999783227
76605,Scaffold28,493318,493644,13.70059038,0.628241914,0.238390575,2.635347112,0.008405128,NA
129251,Scaffold641,330211,332486,68.04135311,0.542049109,0.207522734,2.611998695,0.00900146,0.999783227
76955,Scaffold281,85174,89425,221.5733524,0.405590263,0.15539907,2.609991574,0.009054445,0.999783227
18066,Scaffold128,835856,842314,397.5702024,0.360609901,0.139487666,2.585245786,0.00973096,0.999783227
7028,Scaffold110,200139,203262,125.5110786,0.497689802,0.193046762,2.578079,0.009935128,0.999783227
117810,Scaffold54,16445,19713,108.9772642,0.516319328,0.200613439,2.5737026,0.010061672,0.999783227
36782,Scaffold165,175957,179187,139.4415973,0.510689033,0.199583322,2.558776099,0.010504137,0.999783227
25725,Scaffold142,141820,144389,235.3028561,0.469254252,0.183818723,2.552809878,0.010685781,0.999783227
134477,Scaffold698,67178,68030,27.40453001,0.608488313,0.240141464,2.533874423,0.011280915,NA
43144,Scaffold18,247224,250522,282.804977,0.406663724,0.16058421,2.53240169,0.011328413,0.999783227
140987,Scaffold776,148904,149182,7.868250277,0.546702324,0.217153608,2.517583423,0.011816298,NA
72305,Scaffold2637,239147,239759,25.1008116,0.606981109,0.24160396,2.512297851,0.01199478,NA
68577,Scaffold250,359319,360064,33.49740412,0.583419285,0.233580204,2.497725723,0.012499286,NA
44091,Scaffold1818,33321,34147,11.10294126,0.569052179,0.230021903,2.473904316,0.013364549,NA
4494,Scaffold106,801741,802620,46.31414304,0.551170427,0.223201767,2.469382005,0.013534665,0.999783227
22392,Scaffold1358,279173,281943,168.0025436,0.407063339,0.165350462,2.461821601,0.013823341,0.999783227
128031,Scaffold630,278497,279957,67.30640773,0.512829615,0.208668436,2.457629078,0.013985754,0.999783227
31847,Scaffold1545,299630,305881,472.7411655,0.333322665,0.13652784,2.441426336,0.014629373,0.999783227
104098,Scaffold429,104741,105035,10.28421064,0.56083941,0.231286377,2.424870054,0.015313867,NA
37148,Scaffold166,581032,586683,397.219872,0.318322564,0.131584702,2.419145685,0.015557008,0.999783227
46143,Scaffold1869,15769,16001,4.905848602,0.472999721,0.195659768,2.417460301,0.015629239,NA
54247,Scaffold2064,126989,128980,81.6698795,0.497184619,0.205749576,2.41645513,0.015672458,0.999783227
25407,Scaffold141,555562,556373,13.10000381,0.574339088,0.238918612,2.403911033,0.01622072,NA
115614,Scaffold518,267620,270268,125.8551472,0.420086596,0.175370905,2.395417852,0.016601434,0.999783227
17304,Scaffold127,619457,622845,138.6552236,0.441586286,0.184445698,2.394126241,0.016660014,0.999783227
131447,Scaffold664,113286,114500,45.86028552,0.531917424,0.222503387,2.390603711,0.016820698,0.999783227
87369,Scaffold327,141498,141822,9.259174487,0.540826655,0.226449987,2.388283004,0.016927301,NA
696,Scaffold10,2017849,2018860,71.31710625,0.499256085,0.209481104,2.383298897,0.017158257,0.999783227
130871,Scaffold66,49851,55231,284.2933758,0.336640267,0.141425999,2.380328009,0.017297234,0.999783227
93968,Scaffold36,595348,596991,53.64139839,0.512307021,0.215405867,2.378333647,0.017391082,0.999783227
77563,Scaffold2833,37312,37632,9.755638818,0.543565738,0.22865046,2.377278131,0.017440932,NA
4286,Scaffold1058,370041,373816,292.4380724,0.415815593,0.175239811,2.372837491,0.017652028,0.999783227
15803,Scaffold1243,119177,120830,83.71048075,0.4637118,0.196626737,2.358335433,0.018357097,0.999783227
140778,Scaffold772,319611,319875,7.887343684,0.516798534,0.219721696,2.352059644,0.018669781,NA
135221,Scaffold702,231162,233194,23.60841101,0.570493581,0.242556314,2.35200466,0.018672541,NA
62861,Scaffold2320,60572,64226,244.4711854,0.36782641,0.156655061,2.34800209,0.018874415,0.999783227
21412,Scaffold134,272518,272650,3.752309498,0.416346778,0.17789704,2.340380576,0.019264098,NA
147767,Scaffold865,181776,183690,171.5127518,0.379992233,0.162888354,2.33283856,0.01965662,0.999783227
76549,Scaffold28,302287,303550,45.89445488,0.528878397,0.227030094,2.329551945,0.019829845,0.999783227
60440,Scaffold225,287419,287691,6.616419309,0.497426427,0.214135454,2.322952216,0.02018172,NA
20894,Scaffold1329,123356,123648,8.469583687,0.523489589,0.225452771,2.321947901,0.020235741,NA
116914,Scaffold53,150275,150591,4.81422383,0.445572996,0.191929581,2.321544156,0.020257494,NA
107003,Scaffold451,287303,290019,123.77366,0.41721933,0.180872345,2.306706033,0.021071214,0.999783227
27088,Scaffold1440,52092,55450,134.1615351,0.403506959,0.175005075,2.305687186,0.021128118,0.999783227
122828,Scaffold582,361912,365354,319.3912035,0.342119999,0.148413303,2.305184191,0.02115626,0.999783227
80099,Scaffold2949,22478,27733,176.0625625,0.386771684,0.167866614,2.304041728,0.021220301,0.999783227
81664,Scaffold30,379711,379928,6.387799966,0.469364543,0.205120093,2.288242643,0.022123395,NA
90691,Scaffold342,172074,172325,6.874326441,0.480757434,0.210254959,2.286545044,0.022222392,NA
54738,Scaffold208,69229,70901,112.5078312,0.431085099,0.190235579,2.266059281,0.023447754,0.999783227
93625,Scaffold3574,956,1071,4.211810522,0.4179448,0.184557872,2.264573135,0.023538887,NA
21724,Scaffold1345,87847,88704,24.4737069,0.546487219,0.241711891,2.260903332,0.023765244,NA
53853,Scaffold2053,26523,26625,3.505884098,0.397794103,0.176259806,2.256862261,0.024016683,NA
41169,Scaffold1751,12067,13181,3.008148143,0.372240647,0.165068178,2.255072122,0.024128802,NA
58646,Scaffold22,381381,384468,138.0289614,0.388594104,0.172541649,2.252175674,0.024311173,0.999783227
41887,Scaffold177,355308,355628,10.01345907,0.522683046,0.232309388,2.24994371,0.024452519,NA
149758,Scaffold892,17387,17599,8.263021818,0.492562827,0.219498029,2.244042136,0.02482969,NA
106815,Scaffold450,29963,30102,3.022073992,0.370890795,0.165314806,2.243542507,0.024861852,NA
40830,Scaffold1743,72673,74197,55.41561916,0.481808392,0.215161442,2.239287802,0.025137196,0.999783227
45220,Scaffold1845,13026,14108,24.70093264,0.541172752,0.241697712,2.239047893,0.0251528,NA
33219,Scaffold1572,269447,271295,122.3154018,0.393131174,0.176088553,2.232576555,0.025576882,0.999783227
94844,Scaffold365,295142,296541,65.82827956,0.483315591,0.217073936,2.226502179,0.025980563,0.999783227
148477,Scaffold876,273549,273813,6.847082831,0.477376412,0.21492909,2.221087953,0.026345005,NA
157009,Scaffold997,248947,250934,65.04672722,0.458411709,0.207611006,2.208031825,0.027242055,0.999783227
17660,Scaffold1275,87154,98035,580.4750687,0.28735979,0.130233745,2.206492559,0.027349531,0.999783227
133537,Scaffold688,286727,287379,26.2367466,0.531265342,0.241846079,2.196708521,0.02804127,NA
114524,Scaffold509,19822,22997,301.1789933,0.305748297,0.139232599,2.195953381,0.02809528,0.999783227
36349,Scaffold1640,134240,135052,23.98925107,0.530215325,0.242002269,2.190951875,0.028455275,NA
76543,Scaffold28,293322,295377,91.92402187,0.420012464,0.191919453,2.188483023,0.028634437,0.999783227
23755,Scaffold1381,54264,55234,59.54402253,0.475126214,0.217505921,2.18442887,0.028930749,0.999783227
14044,Scaffold1213,78036,78759,33.08032131,0.52657569,0.241122028,2.183855599,0.028972861,NA
58722,Scaffold22,716902,717153,6.285704363,0.458931183,0.210564248,2.179530417,0.029292288,NA
87504,Scaffold327,826648,827243,12.33866347,0.518236708,0.237789494,2.179392788,0.029302501,NA
20908,Scaffold1329,236397,238196,59.5452982,0.480152133,0.221210382,2.170567805,0.029963858,0.999783227
9593,Scaffold114,1201300,1201794,14.8767995,0.519732565,0.240978199,2.156761764,0.031024232,NA
133576,Scaffold688,424489,425255,26.88840128,0.515385835,0.23898658,2.156547182,0.031040964,NA
11119,Scaffold1167,117117,117406,5.706932403,0.447153518,0.207640854,2.153494888,0.031279805,NA
136967,Scaffold724,406533,406937,14.45133419,0.517857639,0.240747663,2.151039112,0.031473113,NA
122271,Scaffold577,175008,175077,2.757919005,0.346323986,0.161141089,2.149197251,0.031618767,NA
87493,Scaffold327,784566,785270,29.42167599,0.513289024,0.239083973,2.146898504,0.031801363,NA
132318,Scaffold674,133046,133677,48.01283765,0.490253482,0.228433178,2.146157078,0.031860449,0.999783227
103423,Scaffold4225,12792,13177,8.079973751,0.47833934,0.222958707,2.145416733,0.031919542,NA
38366,Scaffold169,555470,555835,8.54054912,0.484174917,0.225706561,2.145152162,0.031940683,NA
28008,Scaffold1461,235570,236311,33.96467241,0.501130214,0.23390117,2.142486987,0.032154315,NA
26891,Scaffold1437,3860,4083,8.080215497,0.477407481,0.222838054,2.142396564,0.032161584,NA
95013,Scaffold366,228575,228748,6.412728265,0.447944206,0.209765332,2.135453945,0.032723948,NA
43184,Scaffold18,444757,446179,59.7652498,0.477997805,0.224384768,2.1302596,0.033150187,0.999783227
150666,Scaffold90,1173703,1175092,57.65734096,0.459501859,0.215846392,2.128837343,0.03326772,0.999783227
4465,Scaffold106,678757,681411,111.9793111,0.403283942,0.189986271,2.122700445,0.033778962,0.999783227
139528,Scaffold758,138951,140683,62.05800309,0.451835257,0.212933392,2.121955852,0.033841446,0.999783227
47713,Scaffold19,1280610,1281462,60.31553718,0.450694353,0.212459888,2.121315029,0.0338953,0.999783227
97256,Scaffold38,1289607,1289739,3.758688635,0.38312437,0.180761635,2.119500467,0.034048194,NA
54249,Scaffold2064,131390,132892,68.43272356,0.434894693,0.205401416,2.117291601,0.034235107,0.999783227
63559,Scaffold234,924609,925156,15.43865478,0.506218556,0.240127482,2.108124199,0.035020248,NA
81766,Scaffold30,906779,907473,29.83543839,0.507357913,0.240820112,2.106792119,0.035135603,NA
54888,Scaffold2083,48606,49148,13.84288681,0.504929459,0.239733491,2.106211593,0.035185977,NA
139613,Scaffold759,275317,275639,7.887256806,0.470760992,0.223534286,2.105990096,0.035205213,NA
69917,Scaffold2551,50781,51103,6.515280515,0.450903751,0.214303909,2.104038848,0.035375058,NA
71205,Scaffold26,427805,432413,180.0120893,0.420825256,0.200014704,2.1039716,0.035380924,0.999783227
68213,Scaffold2497,36065,37829,65.38699424,0.440587278,0.209599922,2.102039324,0.035549831,0.999783227
135222,Scaffold702,234087,235565,126.8801191,0.379766699,0.18070201,2.101618567,0.035586702,0.999783227
155142,Scaffold966,687915,688276,7.853976827,0.469245053,0.223527135,2.099275569,0.035792616,NA
20546,Scaffold1320,77093,77429,10.8247116,0.485445689,0.231421273,2.097670976,0.03593422,NA
120724,Scaffold563,190737,191016,6.128392901,0.441412312,0.210523504,2.096736488,0.036016909,NA
28007,Scaffold1461,234717,234946,5.69233882,0.431266201,0.205768091,2.095884739,0.036092417,NA
103564,Scaffold424,370740,371859,67.36033669,0.49496804,0.236262508,2.094991895,0.036171713,0.999783227
100375,Scaffold4,1553376,1553984,14.97088182,0.503773495,0.241283711,2.087888538,0.03680789,NA
84779,Scaffold3132,134064,134254,6.493133148,0.44619811,0.21379949,2.086993335,0.036888737,NA
51107,Scaffold199,464471,464945,15.45149208,0.502313143,0.240951247,2.084708627,0.037095757,NA
152640,Scaffold930,59103,61249,109.3047617,0.402333669,0.193015603,2.084461894,0.037118173,0.999783227
43157,Scaffold18,267575,269411,59.32243563,0.47523776,0.22817832,2.082747213,0.037274271,0.999783227
141191,Scaffold779,119308,120384,31.15642856,0.495326503,0.237925099,2.081858975,0.037355353,NA
111426,Scaffold485,247415,247665,4.04289979,0.370189848,0.17785281,2.081439416,0.037393704,NA
14060,Scaffold1213,125182,125314,2.729517109,0.326625487,0.157469296,2.074216978,0.038059164,NA
117281,Scaffold533,104653,105489,26.57750862,0.497831591,0.24010394,2.073400337,0.038135038,NA
103071,Scaffold420,189189,189768,13.61945781,0.49074536,0.236799849,2.072405714,0.038227621,NA
94355,Scaffold362,253704,254939,100.9228662,0.390789538,0.188595589,2.072103277,0.038255811,0.999783227
61618,Scaffold229,233128,236150,128.3052624,0.365970734,0.176961936,2.068076003,0.038632877,0.999783227
23475,Scaffold1378,100864,101520,17.30680586,0.501043442,0.242377974,2.067198742,0.038715431,NA
24571,Scaffold1396,508344,508713,11.015049,0.483546294,0.233925691,2.067093579,0.038725337,NA
94055,Scaffold36,961618,961785,4.077928921,0.389155382,0.188578676,2.063623467,0.039053431,NA
8127,Scaffold1117,463905,464894,26.45643366,0.495701978,0.240409118,2.061910053,0.0392163,NA
137453,Scaffold730,145581,145812,5.984801753,0.431419211,0.209425736,2.060010482,0.039397539,NA
55509,Scaffold21,1230441,1230559,3.113356716,0.351190437,0.170548108,2.059186935,0.039476334,NA
84307,Scaffold311,392188,394408,82.67660016,0.406287971,0.197583236,2.056287663,0.039754797,0.999783227
77012,Scaffold281,407310,411544,159.4198607,0.358682456,0.174507151,2.055402627,0.039840132,0.999783227
9637,Scaffold1140,30073,36908,526.356836,0.254254817,0.123876592,2.05248475,0.040122576,0.999783227
76251,Scaffold279,549103,549607,12.50296621,0.487969542,0.238125599,2.049210766,0.04044151,NA
119291,Scaffold550,313669,316200,191.331402,0.334408366,0.163498228,2.04533327,0.040822013,0.999783227
154045,Scaffold95,1130290,1130498,6.032007582,0.426909337,0.208787484,2.044707513,0.040883703,NA
108126,Scaffold460,408245,410949,117.1842597,0.380641443,0.186239944,2.043822798,0.040971056,0.999783227
155363,Scaffold97,503942,504084,4.919768498,0.390474901,0.191169257,2.042561168,0.041095898,NA
117766,Scaffold539,230299,230701,14.50546268,0.49147538,0.240839177,2.040678711,0.041282773,NA
78035,Scaffold286,101943,102148,6.595635761,0.430862319,0.211897539,2.033352159,0.042016957,NA
130396,Scaffold654,369946,370005,2.585258228,0.318739194,0.157018151,2.029951266,0.042361493,NA
36325,Scaffold1640,10427,11331,26.49316866,0.485690841,0.23928318,2.029774268,0.04237949,NA
115449,Scaffold516,298669,298897,6.026166336,0.423937277,0.208878876,2.029584248,0.042398817,NA
70169,Scaffold256,497188,497861,16.38026751,0.491518538,0.242186451,2.029504688,0.042406912,NA
61099,Scaffold227,368645,369029,11.06197242,0.470078345,0.231922321,2.026878411,0.042674849,NA
21951,Scaffold135,423101,423573,15.22059769,0.488539567,0.241185145,2.02557901,0.042807944,NA
48949,Scaffold193,157752,158029,7.929302148,0.442341442,0.218409097,2.025288539,0.042837745,NA
128807,Scaffold637,101999,102594,24.47247968,0.4883067,0.241191331,2.024561571,0.042912404,NA
92723,Scaffold353,500,661,5.344566077,0.397809337,0.196845825,2.020918341,0.043288219,NA
119351,Scaffold551,18810,19042,7.250270615,0.443535111,0.219492359,2.020731436,0.043307574,NA
154125,Scaffold950,112995,113238,9.613857587,0.459646566,0.227737978,2.018313195,0.043558653,NA
43141,Scaffold18,233702,234008,8.511935738,0.457318381,0.226795136,2.016438222,0.043754172,NA
123371,Scaffold59,224820,227321,183.1299619,0.340366565,0.168885177,2.015372646,0.043865618,0.999783227
43145,Scaffold18,250930,251275,10.43564551,0.466729808,0.231614438,2.015115347,0.043892565,NA
43675,Scaffold1808,69096,69846,24.07959493,0.485887914,0.241148499,2.014890891,0.043916083,NA
99423,Scaffold394,288062,288311,8.622246906,0.454813989,0.226163148,2.010999551,0.044325504,NA
55800,Scaffold2108,78021,79010,21.47121679,0.486788018,0.242210036,2.009776412,0.044454858,NA
102084,Scaffold411,646920,647210,8.997871347,0.458936102,0.228392326,2.009419974,0.044492614,NA
138514,Scaffold745,411774,413096,48.57514411,0.4641535,0.231170101,2.007843996,0.044659872,0.999783227
36030,Scaffold1636,63864,64551,16.64516782,0.485888492,0.242236388,2.005844361,0.044872856,NA
144600,Scaffold822,18217,18975,20.90588274,0.486054982,0.242386695,2.005287388,0.044932332,NA
2603,Scaffold103,188507,191228,102.015786,0.414501179,0.206817802,2.0041852,0.045050225,0.999783227
142765,Scaffold8,420461,422312,63.22146196,0.465141751,0.232379907,2.001643594,0.045323077,0.999783227
144050,Scaffold8149,1952,1997,2.482205417,0.310213074,0.155125237,1.999758901,0.045526305,NA
127237,Scaffold624,253688,254110,11.93736437,0.473869902,0.236974344,1.999667529,0.045536177,NA
14359,Scaffold122,254939,259144,147.3571,0.347944512,0.174066954,1.998911941,0.045617883,0.999783227
75324,Scaffold2750,33878,34100,4.905500601,0.399317284,0.199999853,1.996587888,0.04586997,NA
35835,Scaffold163,582496,582953,11.92148424,0.471143817,0.236147411,1.9951259,0.04602915,NA
107010,Scaffold451,313426,313654,10.75405955,0.46470676,0.233019863,1.994279602,0.046121507,NA
12825,Scaffold11940,74,645,17.93092085,0.481804735,0.241765275,1.992861608,0.046276603,NA
117532,Scaffold536,269367,269969,23.79942027,0.479968735,0.241175831,1.990119546,0.046577768,NA
74953,Scaffold2739,5818,7260,8.70118504,0.447305428,0.224812498,1.989682208,0.046625954,NA
152327,Scaffold926,280310,283168,129.0267313,0.346622374,0.17428885,1.988781123,0.046725367,0.999783227
51165,Scaffold1990,54852,56389,18.99836489,0.482164451,0.242497238,1.988329662,0.046775242,NA
123929,Scaffold593,358290,363658,158.1134744,0.349852294,0.175970354,1.988132012,0.046797092,0.999783227
150324,Scaffold9,1011802,1014410,170.1253654,0.329599202,0.165814878,1.987754085,0.046838894,0.999783227
64470,Scaffold2375,79470,79605,4.889194478,0.394861443,0.198776167,1.986462703,0.04698197,NA
97012,Scaffold379,611713,612570,24.9562581,0.479674614,0.241816418,1.983631289,0.047296958,NA
106240,Scaffold445,400297,400971,28.97343854,0.477234174,0.240734237,1.982410897,0.047433271,NA
31554,Scaffold154,474541,474671,5.494861328,0.400798646,0.202305358,1.981156845,0.047573687,NA
104017,Scaffold4273,185,872,4.988792671,0.391233886,0.197519082,1.980739693,0.047620473,NA
6844,Scaffold11,457107,457479,3.765946992,0.342615132,0.17327136,1.977332737,0.048004032,NA
135998,Scaffold711,199187,199550,5.341974317,0.403310593,0.203991071,1.977099241,0.048030414,NA
101644,Scaffold409,297050,297627,23.52548117,0.477155813,0.241356007,1.976979234,0.048043978,NA
31579,Scaffold154,540343,540423,2.962430343,0.331646348,0.167885756,1.975428739,0.048219514,NA
125402,Scaffold607,357885,358287,18.27462494,0.47780181,0.242022445,1.974204546,0.048358489,NA
152474,Scaffold929,155127,156769,117.9887844,0.37609145,0.190549609,1.973719353,0.048413663,0.999783227
93048,Scaffold3545,32625,40884,14.30827426,0.474796196,0.240648532,1.972986043,0.048497153,NA
81188,Scaffold3,207780,207955,3.940928396,0.367524427,0.186549127,1.970121394,0.04882446,NA
114633,Scaffold51,27736,28021,10.1670791,0.457627344,0.2324024,1.969116258,0.048939742,NA
95980,Scaffold372,164800,165462,28.72590933,0.470131309,0.239035933,1.966780905,0.049208475,NA
156698,Scaffold992,40296,42243,39.31185662,0.453416749,0.230556851,1.966615814,0.049227519,0.999783227
6363,Scaffold109,82981,83673,21.27057375,0.475910323,0.242174242,1.965156655,0.049396109,NA
17923,Scaffold128,165701,166557,39.97779053,0.44672896,0.227634132,1.962486714,0.049705846,0.999783227
41727,Scaffold1765,89089,89988,26.84859898,0.473660198,0.241397871,1.962155655,0.049744365,NA
131258,Scaffold662,38299,39745,58.84257674,0.427753272,0.218076558,1.961482138,0.049822807,0.999783227
128568,Scaffold636,133904,135118,37.57983391,0.451340875,0.230153693,1.961041201,0.049874217,NA
9529,Scaffold114,788981,789308,5.789586998,0.404616946,0.206510697,1.959302602,0.050077359,NA
121103,Scaffold566,349412,350925,64.2025682,0.411356936,0.209968414,1.959137224,0.050096719,0.999783227
58897,Scaffold220,390535,392240,47.8548247,0.432665185,0.221071587,1.957127062,0.050332531,0.999783227
24443,Scaffold1396,49479,49885,3.402358678,0.346756306,0.177247979,1.95633433,0.050425783,NA
45752,Scaffold186,64260,65734,35.42389316,0.454474294,0.232325768,1.956194092,0.050442294,NA
23006,Scaffold137,103872,104100,5.306314064,0.397185631,0.203101121,1.95560531,0.050511667,NA
54887,Scaffold2083,46769,48450,141.976344,0.35795364,0.183133494,1.954604986,0.050629712,0.999783227
97575,Scaffold3821,9240,9995,21.49931213,0.473951826,0.242678333,1.953004296,0.050819086,NA
79086,Scaffold290,508014,508765,13.87936736,0.467438859,0.239741757,1.949759879,0.051204746,NA
81036,Scaffold2990,8708,8820,3.56388049,0.340163465,0.174566433,1.948618982,0.051340944,NA
123761,Scaffold592,217873,218303,14.30351372,0.467930623,0.24020993,1.94800699,0.051414127,NA
35912,Scaffold1632,33845,39675,113.7008525,0.364707335,0.1872804,1.947386565,0.051488408,0.999783227
119424,Scaffold551,384748,385047,9.518647635,0.4411703,0.226556312,1.947287612,0.051500263,NA
152098,Scaffold922,13947,14145,5.475637759,0.388421274,0.199689018,1.945130868,0.05175923,NA
43135,Scaffold18,226351,228914,281.4556284,0.280258481,0.14414047,1.94434278,0.051854129,0.999783227
70069,Scaffold256,244347,245198,38.25690625,0.455253705,0.234179559,1.9440369,0.051891002,0.999783227
147723,Scaffold864,200309,200552,5.755219649,0.404715329,0.208187153,1.943997621,0.051895738,NA
71329,Scaffold260,20182,21590,51.79257429,0.429974863,0.221213674,1.943708337,0.051930633,0.999783227
32816,Scaffold1564,241229,241800,22.00014224,0.47016464,0.241937378,1.943331961,0.051976062,NA
66936,Scaffold245,388791,389604,36.59609968,0.448526638,0.230891198,1.942588728,0.05206587,NA
6887,Scaffold11,661978,662394,12.40705422,0.458262011,0.236061094,1.941285634,0.052223641,NA
104326,Scaffold43,674126,674794,18.40617446,0.470814018,0.242671495,1.940129056,0.052364008,NA
70008,Scaffold2557,22060,23168,49.79774161,0.426420246,0.2198525,1.939574242,0.052431454,0.999783227
53879,Scaffold2054,69455,72137,98.03295148,0.368093639,0.189863141,1.938731435,0.052534049,0.999783227
58183,Scaffold2186,57809,57961,4.363476264,0.370377402,0.19118205,1.937302178,0.052708416,NA
36089,Scaffold1636,325043,325929,29.05117296,0.459302852,0.237165834,1.936631611,0.052790391,NA
21541,Scaffold1340,231509,234269,92.32983622,0.412427461,0.213135195,1.935050951,0.052984044,0.999783227
129397,Scaffold643,271796,272403,16.22826679,0.467401782,0.241676178,1.934000221,0.053113101,NA
57876,Scaffold2175,57210,57818,6.228558524,0.404932561,0.209465802,1.933167887,0.053215519,NA
70123,Scaffold256,336110,342983,484.0045948,0.263789546,0.136466421,1.932999663,0.053236239,0.999783227
150386,Scaffold9,1436854,1443285,362.7070138,0.274722933,0.142349142,1.929923349,0.053616336,0.999783227
99081,Scaffold391,626304,627277,37.36203206,0.447534051,0.232058043,1.928543583,0.053787549,NA
72637,Scaffold265,179110,179456,7.494729424,0.426086734,0.221033622,1.927701,0.053892328,NA
32230,Scaffold1551,57474,57992,21.14905977,0.466772372,0.242250092,1.9268202,0.054002041,NA
41683,Scaffold1764,139896,139944,2.904622723,0.318860511,0.165521079,1.926404254,0.054053917,NA
29315,Scaffold1496,60157,60750,6.644473204,0.413172579,0.214577219,1.925519312,0.054164422,NA
140989,Scaffold776,149690,153097,273.8868193,0.282062475,0.146532799,1.924910162,0.054240598,0.999783227
140478,Scaffold77,474108,476446,78.17868185,0.38290648,0.198969865,1.924444585,0.05429888,0.999783227
132866,Scaffold680,75510,75771,5.696874856,0.400016828,0.207888829,1.924186254,0.054331242,NA
101516,Scaffold408,144774,144987,5.696874856,0.400016828,0.207888829,1.924186254,0.054331242,NA
17543,Scaffold1272,111042,111261,6.185982682,0.404681189,0.210363297,1.923725262,0.05438903,NA
153438,Scaffold943,210010,210920,46.46554409,0.434378311,0.225985305,1.922152904,0.054586521,0.999783227
22426,Scaffold1359,54191,54432,5.699792302,0.399300708,0.207741867,1.922100317,0.054593136,NA
89100,Scaffold334,62331,63058,28.09993908,0.46115139,0.2399359,1.921977457,0.054608594,NA
89817,Scaffold338,682903,684229,56.44669463,0.409378157,0.213359057,1.918728748,0.055018671,0.999783227
48022,Scaffold1906,37760,38579,21.4154775,0.465375145,0.242584264,1.918406156,0.055059531,NA
149507,Scaffold89,298282,298521,7.139415921,0.413147803,0.215706382,1.915324888,0.055451084,NA
45829,Scaffold186,572746,573926,81.89622064,0.378365646,0.197603329,1.914773645,0.055521377,0.999783227
132331,Scaffold674,221011,221886,38.350672,0.442607097,0.231450253,1.912320645,0.055835079,0.999783227
49350,Scaffold1942,84400,84531,5.907858561,0.392935838,0.205476465,1.912315544,0.055835733,NA
45807,Scaffold186,404927,405002,2.328361598,0.288820443,0.151431094,1.907273036,0.05648524,NA
155951,Scaffold980,334661,334847,7.99639968,0.421821891,0.221185927,1.90709191,0.056508687,NA
76956,Scaffold281,89710,90980,58.35561944,0.417649872,0.21904878,1.906652352,0.056565621,0.999783227
108952,Scaffold468,44650,45026,5.840673433,0.385449724,0.20218321,1.906437848,0.056593422,NA
33977,Scaffold1594,66320,66449,3.804058434,0.351521145,0.184398506,1.906312326,0.056609696,NA
153226,Scaffold94,593048,593174,3.837338413,0.350661205,0.183977973,1.905995593,0.056650777,NA
36323,Scaffold1640,4564,4782,4.718913975,0.377193338,0.197958684,1.90541446,0.056726217,NA
12319,Scaffold1187,123207,123327,2.849201729,0.311458831,0.163520242,1.904711168,0.056817627,NA
142715,Scaffold8,57462,65458,356.0010717,0.273687563,0.143909559,1.901802533,0.057196975,0.999783227
156242,Scaffold985,237161,243454,21.55700103,0.460493481,0.242244895,1.900941938,0.057309618,NA
106882,Scaffold450,355688,359241,186.2977409,0.311926806,0.164216194,1.899488706,0.05750025,0.999783227
82909,Scaffold305,334891,336949,104.9886914,0.353942653,0.186394268,1.89889237,0.057578629,0.999783227
66902,Scaffold245,129932,130095,3.404738951,0.330210869,0.173930904,1.898517522,0.057627942,NA
140025,Scaffold763,4305,4891,2.297999065,0.28668141,0.151068138,1.897696051,0.057736133,NA
105567,Scaffold44,608164,608636,15.45446813,0.458732998,0.241930998,1.896131548,0.057942652,NA
144963,Scaffold828,143334,143837,23.09485307,0.45970342,0.24248964,1.895765195,0.0579911,NA
78257,Scaffold287,240176,241105,34.09615412,0.443958394,0.234243232,1.895288028,0.058054253,NA
87631,Scaffold328,357388,360122,77.0757468,0.383389975,0.20235893,1.89460369,0.058144926,0.999783227
127829,Scaffold63,402339,402992,27.7607735,0.456625911,0.241067778,1.89418061,0.058201041,NA
2671,Scaffold103,582314,584154,106.9236067,0.378727161,0.200040874,1.893248881,0.05832478,0.999783227
138868,Scaffold75,227762,228337,16.40642042,0.457740608,0.241832122,1.89280317,0.05838405,NA
60632,Scaffold2254,13821,15351,4.899535147,0.370498672,0.19579556,1.892273103,0.058454603,NA
156803,Scaffold994,130642,130911,8.732753199,0.429727434,0.227114829,1.89211526,0.058475626,NA
21407,Scaffold134,236172,237190,47.55751419,0.423110275,0.22361847,1.892107904,0.058476605,0.999783227
85372,Scaffold3162,59119,59809,21.54162377,0.458813323,0.242558438,1.891557868,0.058549914,NA
120854,Scaffold564,410355,410502,3.849840797,0.345883152,0.1829063,1.891040119,0.058618989,NA
71218,Scaffold26,487856,491268,236.2029358,0.293674336,0.155359754,1.890285793,0.058719748,0.999783227
123074,Scaffold586,208227,208463,6.141032918,0.395163989,0.209067554,1.890125854,0.05874113,NA
62998,Scaffold2327,18758,19359,6.28622923,0.394327967,0.20865839,1.889825596,0.058781289,NA
17273,Scaffold127,542136,545036,90.0692544,0.362843335,0.192011389,1.889696948,0.058798503,0.999783227
121264,Scaffold568,235703,235889,5.193841181,0.382392377,0.202414699,1.889153204,0.058871303,NA
129649,Scaffold648,12859,13011,5.522175854,0.374583383,0.198304066,1.888934453,0.058900612,NA
94043,Scaffold36,910427,910524,2.809123696,0.311439551,0.164898997,1.888668566,0.058936253,NA
63735,Scaffold2346,62723,62831,2.339370001,0.285225392,0.151239647,1.885916803,0.059306167,NA
56814,Scaffold214,174446,174567,2.311924914,0.285370812,0.15137912,1.885139855,0.059410958,NA
150194,Scaffold9,159884,160101,6.536253235,0.400314571,0.212402668,1.884696531,0.059470821,NA
140484,Scaffold77,485875,487843,98.24697777,0.388442816,0.206268967,1.883185926,0.059675176,0.999783227
105393,Scaffold439,320182,321909,63.66798353,0.422933364,0.224719258,1.882052155,0.059828935,0.999783227
134426,Scaffold697,423644,423874,5.590904599,0.389439939,0.206948036,1.881824764,0.059859812,NA
44266,Scaffold182,576752,576970,6.071129525,0.396637225,0.210852739,1.881110132,0.059956939,NA
5419,Scaffold1074,49023,49326,8.026577958,0.412959273,0.219710615,1.87955995,0.060168076,NA
119413,Scaffold551,336288,336395,3.320916062,0.325372312,0.173160842,1.879017845,0.060242057,NA
118393,Scaffold543,345915,347540,98.88395938,0.361030226,0.192139901,1.878996632,0.060244953,0.999783227
47721,Scaffold19,1297179,1298019,24.94845852,0.452852588,0.241065444,1.878546261,0.060306475,NA
143817,Scaffold810,195360,197123,92.64249752,0.395434023,0.21053221,1.878259025,0.060345739,0.999783227
115754,Scaffold5186,10960,12641,103.1317669,0.346185133,0.184333701,1.878034954,0.060376384,0.999783227
17310,Scaffold127,636249,637048,28.52542345,0.452751794,0.241107831,1.877797965,0.060408809,NA
111445,Scaffold485,348550,348827,6.621156822,0.394415967,0.21007228,1.877525047,0.060446168,NA
134440,Scaffold697,476656,478307,62.85661038,0.414294711,0.220798867,1.87634437,0.060608008,0.999783227
93424,Scaffold3560,7765,7907,2.773463443,0.308163425,0.164280809,1.875833381,0.060678163,NA
76539,Scaffold28,283945,285875,44.26819056,0.422078953,0.225122091,1.874889095,0.060807983,0.999783227
70923,Scaffold259,261708,262234,26.2580852,0.45108741,0.240630145,1.874608896,0.060846548,NA
133998,Scaffold692,14661,14846,4.926147635,0.36423389,0.194442108,1.873225368,0.061037271,NA
149943,Scaffold895,153542,153690,4.674625593,0.366493693,0.195767491,1.872086585,0.061194626,NA
123744,Scaffold592,150915,151177,4.771417523,0.367301831,0.19624454,1.871653764,0.06125452,NA
76974,Scaffold281,146220,146586,15.05049246,0.445884843,0.238472896,1.869750615,0.061518457,NA
22891,Scaffold1367,12864,13575,20.01616063,0.453339099,0.242666379,1.86815784,0.061740073,NA
42713,Scaffold179,125966,126252,5.175154785,0.3742464,0.200412537,1.867380181,0.061848515,NA
107429,Scaffold454,425772,426069,11.45489681,0.441154848,0.236301666,1.86691383,0.061913622,NA
21037,Scaffold133,399163,400576,54.05845954,0.408062853,0.218590611,1.866790395,0.061930864,0.999783227
44167,Scaffold182,100490,100800,7.008126081,0.403949333,0.216422064,1.866488687,0.061973025,NA
38202,Scaffold1685,123110,123348,6.047145409,0.390735488,0.209360434,1.866329184,0.061995324,NA
106966,Scaffold451,122642,122983,9.102129784,0.425356903,0.227967508,1.865866352,0.062060066,NA
140562,Scaffold77,1063664,1095583,2011.520484,0.19993587,0.107171257,1.865573611,0.062101045,0.999783227
20120,Scaffold1311,102293,103246,36.5247926,0.430678775,0.230856532,1.865568935,0.062101699,NA
72437,Scaffold264,705920,706163,4.867590636,0.356015264,0.190890392,1.865024533,0.062177965,NA
12502,Scaffold119,537189,537651,16.19862353,0.451357389,0.242255207,1.863148353,0.062441397,NA
71253,Scaffold26,751879,752023,4.20540907,0.352630902,0.18927777,1.863033896,0.062457497,NA
54604,Scaffold2073,89307,89639,7.466327529,0.40729567,0.218804862,1.861456215,0.062679778,NA
63764,Scaffold2348,36179,36329,5.596202319,0.382869733,0.205790634,1.860481819,0.062817388,NA
125878,Scaffold611,317214,317422,7.874838363,0.407012868,0.218965209,1.858801542,0.063055274,NA
87634,Scaffold328,370517,370748,6.029758589,0.388719302,0.209362567,1.856680054,0.063356687,NA
140567,Scaffold77,1111714,1119897,645.3847529,0.220411453,0.118712876,1.856676897,0.063357136,0.999783227
43143,Scaffold18,237488,247165,505.8180023,0.240574714,0.129647187,1.855610761,0.063509059,0.999783227
79756,Scaffold293,609064,610652,60.18999027,0.409928401,0.220959203,1.855222115,0.063564515,0.999783227
46609,Scaffold1879,14640,16497,60.21550921,0.393641985,0.212198626,1.855063775,0.06358712,0.999783227
22405,Scaffold1358,316120,317398,63.88055748,0.388481573,0.209420928,1.855027459,0.063592305,0.999783227
136804,Scaffold722,198843,199805,42.29704553,0.421600714,0.227314306,1.854703827,0.063638532,0.999783227
77505,Scaffold283,730819,736943,364.683412,0.248730796,0.13425918,1.852616681,0.06393732,0.999783227
82986,Scaffold305,665259,665380,3.318955424,0.316003256,0.17076117,1.850556866,0.06423333,NA
140565,Scaffold77,1101607,1104692,311.9608801,0.255648888,0.138197204,1.849884663,0.064330175,0.999783227
9008,Scaffold1131,16864,17088,7.469003229,0.403570356,0.218164063,1.849847999,0.06433546,NA
140566,Scaffold77,1105539,1106411,50.54788629,0.41509797,0.224727931,1.847113385,0.064730709,0.999783227
46144,Scaffold1869,17324,20046,36.13908401,0.43347813,0.234695017,1.846984807,0.064749342,NA
103998,Scaffold427,554853,555476,30.0129154,0.441442575,0.239036976,1.846754346,0.064782751,NA
1506,Scaffold101,248819,248996,5.059888665,0.372620674,0.201837805,1.846139147,0.064872004,NA
108614,Scaffold464,291076,291303,5.493982107,0.380339239,0.206079474,1.845594967,0.064951038,NA
2186,Scaffold10218,4,490,2.784596055,0.29985158,0.162481211,1.845453865,0.064971544,NA
72716,Scaffold2652,32371,32598,5.358061881,0.358904347,0.194537351,1.844912277,0.0650503,NA
120920,Scaffold5642,7018,7593,15.87058794,0.443427204,0.240601827,1.842991839,0.065330202,NA
36351,Scaffold1640,135630,143765,535.4829535,0.234063273,0.127033356,1.842533968,0.065397083,0.999783227
76581,Scaffold28,378485,382934,184.4011087,0.303610997,0.164880187,1.841403761,0.065562412,0.999783227
73444,Scaffold2676,82600,83338,22.33136307,0.445997815,0.242339232,1.840386353,0.065711536,NA
13676,Scaffold1207,281894,285882,264.0096856,0.271630895,0.147617141,1.840104028,0.065752966,0.999783227
5199,Scaffold1070,46982,47740,34.84708256,0.42643026,0.231839877,1.839330944,0.065866524,NA
56475,Scaffold213,115925,117488,43.23576479,0.419897427,0.22830417,1.839201737,0.065885519,0.999783227
67857,Scaffold2483,149199,149683,13.96348163,0.438529465,0.238451367,1.839072977,0.065904453,NA
108457,Scaffold463,159047,159618,16.07371878,0.445482562,0.242247233,1.838958309,0.065921318,NA
84694,Scaffold313,397354,397664,9.570796109,0.421099055,0.229064144,1.838345569,0.0660115,NA
96367,Scaffold375,55386,56720,6.393954991,0.391290903,0.212950808,1.837470854,0.066140415,NA
64937,Scaffold239,361156,361422,7.638646257,0.408632398,0.222554218,1.836102692,0.06634247,NA
118799,Scaffold546,489704,490051,7.697541248,0.404279179,0.220216853,1.835823069,0.066383828,NA
38290,Scaffold1689,182030,183623,9.379042325,0.422588176,0.230234234,1.835470637,0.066435986,NA
31846,Scaffold1545,297305,298440,49.58926009,0.412233579,0.224604728,1.835373559,0.066450359,0.999783227
17205,Scaffold127,365953,366676,17.85232215,0.444220258,0.242075659,1.835047187,0.066498698,NA
147698,Scaffold864,51717,52172,13.31702573,0.436316002,0.237925868,1.83383171,0.066678979,NA
130775,Scaffold658,579969,581407,40.01483169,0.423756524,0.231121694,1.833477922,0.066731529,0.999783227
117521,Scaffold536,238682,244180,359.8779628,0.269536171,0.147013388,1.833412414,0.066741263,0.999783227
97923,Scaffold385,340117,340863,19.18275,0.444762869,0.242679491,1.832717163,0.066844644,NA
73498,Scaffold2678,55264,57447,68.7724658,0.376468151,0.205682529,1.830336068,0.067199701,0.999783227
140637,Scaffold770,237064,238312,39.35616105,0.417819439,0.228285,1.830253585,0.067212028,0.999783227
88174,Scaffold33,702113,702516,9.373744606,0.420953081,0.230007355,1.830172263,0.067224184,NA
31406,Scaffold1539,106898,110094,193.3297,0.290796462,0.158990104,1.829022395,0.067396253,0.999783227
36332,Scaffold1640,31501,31685,5.076325349,0.365227747,0.199790043,1.828057804,0.067540877,NA
59616,Scaffold2224,119941,120251,8.861277434,0.409142913,0.223828096,1.827933668,0.067559507,NA
125693,Scaffold61,469776,469914,4.190946048,0.340956312,0.186547175,1.827721661,0.067591336,NA
25233,Scaffold1407,53200,53472,6.878940464,0.392935338,0.215358898,1.824560499,0.068067379,NA
36371,Scaffold1640,176247,178555,79.74730756,0.372795352,0.204330402,1.824473245,0.068080558,0.999783227
125161,Scaffold605,280230,280883,30.32765054,0.43690804,0.239489366,1.824331691,0.068101942,NA
131197,Scaffold661,185894,187496,76.86339983,0.37580714,0.206025572,1.824080066,0.068139969,0.999783227
129602,Scaffold647,16591,17481,5.109474767,0.365803402,0.200690551,1.82272359,0.068345266,NA
141177,Scaffold779,49019,49260,9.913382317,0.419957874,0.230511922,1.821848823,0.068477927,NA
94065,Scaffold36,1041288,1041750,12.62289965,0.433699017,0.238183356,1.820861977,0.06862784,NA
135688,Scaffold708,266149,266270,2.692977636,0.292131278,0.160522807,1.819873974,0.068778199,NA
29057,Scaffold1489,55046,55941,23.33637775,0.438810728,0.241214174,1.819174724,0.068884778,NA
104401,Scaffold430,75295,77032,37.19265127,0.422045784,0.232004461,1.819127884,0.068891922,NA
14047,Scaffold1213,84869,85339,16.59530829,0.440512776,0.242184662,1.818912778,0.068924738,NA
8482,Scaffold1124,49235,50186,17.45469551,0.440549154,0.242211117,1.818864299,0.068932136,NA
112385,Scaffold492,290872,290981,4.804036121,0.351794137,0.193443303,1.818590411,0.068973942,NA
88187,Scaffold33,742163,742647,15.16097532,0.43795483,0.240829032,1.818530046,0.068983159,NA
66432,Scaffold2435,158949,161922,229.7970327,0.314103768,0.172766045,1.818087388,0.069050777,0.999783227
49367,Scaffold1942,130671,131143,19.13241295,0.440983533,0.242631507,1.81750317,0.069140103,NA
122265,Scaffold577,125682,126001,12.27542869,0.43093291,0.237182157,1.81688587,0.069234591,NA
103740,Scaffold4252,39011,39313,8.040346014,0.40748297,0.224413816,1.815765969,0.06940628,NA
54889,Scaffold2083,49468,50241,45.7258199,0.408343209,0.224918317,1.815517804,0.069444372,0.999783227
42181,Scaffold17749,82,920,5.380834418,0.35648316,0.196432148,1.814790316,0.069556139,NA
137353,Scaffold73,206175,206541,8.8324756,0.403492422,0.22237789,1.814444873,0.069609263,NA
135422,Scaffold704,616019,617553,86.66610243,0.350503783,0.193187981,1.814314642,0.069629299,0.999783227
2616,Scaffold103,251889,252563,29.68359413,0.429718011,0.236942261,1.813598,0.069739639,NA
36340,Scaffold1640,115916,116294,10.76828155,0.42155699,0.232444676,1.813579891,0.069742429,NA
84041,Scaffold310,287172,287584,6.500888409,0.378227046,0.208661073,1.812638266,0.069887632,NA
65698,Scaffold241,523290,526714,147.9564574,0.315481229,0.174057355,1.81251306,0.069906958,0.999783227
122819,Scaffold582,339280,342441,227.8264338,0.310057759,0.171114659,1.811988297,0.069988005,0.999783227
110598,Scaffold479,153121,153695,17.16868858,0.439391981,0.242505816,1.81188224,0.070004394,NA
89151,Scaffold334,297783,300178,158.5588414,0.301824413,0.166701274,1.810570527,0.070207358,0.999783227
57240,Scaffold2153,19517,19809,6.406587936,0.379629424,0.2096897,1.810434294,0.070228465,NA
58164,Scaffold2185,69995,70466,8.505221625,0.406838829,0.224754146,1.810150499,0.070272452,NA
141475,Scaffold781,303209,303653,13.03184663,0.428555961,0.236770054,1.810009138,0.07029437,NA
80173,Scaffold2951,41776,41945,3.262440707,0.310859662,0.17181439,1.809276051,0.070408128,NA
137865,Scaffold737,419799,419906,5.03827847,0.361530179,0.199876514,1.808767677,0.070487104,NA
18020,Scaffold128,736060,737098,57.95944174,0.38840333,0.214786807,1.808320238,0.070556674,0.999783227
30851,Scaffold153,48735,49824,63.09720208,0.378368677,0.20927503,1.807997242,0.07060693,0.999783227
12032,Scaffold1182,201287,205370,139.0853938,0.35672653,0.197309215,1.807956762,0.07061323,0.999783227
28311,Scaffold147,375517,375700,4.999700771,0.36194142,0.200199688,1.807902021,0.070621751,NA
4661,Scaffold1063,59164,59464,8.623734934,0.407087757,0.225424318,1.805873295,0.070938133,NA
21921,Scaffold135,265321,267288,84.97694609,0.356960818,0.197725896,1.805331648,0.0710228,0.999783227
91226,Scaffold345,151852,152432,16.83919562,0.437518154,0.242368251,1.805179318,0.071046626,NA
30160,Scaffold1512,68461,69421,38.04784148,0.416386371,0.230699132,1.804889198,0.071092023,0.999783227
1020,Scaffold1001,89410,90686,34.1907787,0.421781911,0.233690748,1.804872098,0.071094699,NA
44939,Scaffold1839,97613,97856,3.584729001,0.327599694,0.18163722,1.803593417,0.071295069,NA
129238,Scaffold641,284330,284495,4.314833945,0.332157122,0.184176371,1.80347305,0.071313954,NA
153419,Scaffold943,83420,83728,8.912206076,0.411293658,0.228107147,1.80307221,0.071376875,NA
9981,Scaffold1148,110203,110318,4.07954751,0.338962313,0.188126062,1.801782851,0.071579577,NA
130731,Scaffold658,382641,383656,46.59921794,0.397954663,0.22087645,1.801707072,0.071591505,0.999783227
138684,Scaffold747,260185,261400,31.8290036,0.424904896,0.235835383,1.801701215,0.071592427,NA
6762,Scaffold11,30008,30388,14.14799166,0.429171444,0.238227158,1.801521912,0.071620657,NA
74671,Scaffold2726,23094,23687,11.62401497,0.41533473,0.230583009,1.801237363,0.071665476,NA
102186,Scaffold413,15094,15426,9.685313571,0.415829075,0.23086323,1.801192316,0.071672573,NA
58247,Scaffold219,50326,50980,26.70829267,0.433417089,0.240904787,1.799121945,0.071999393,NA
49327,Scaffold1941,99040,100008,6.305784838,0.380815816,0.211809278,1.797918485,0.072189926,NA
117344,Scaffold534,7479,7667,3.723442065,0.32312638,0.179731087,1.797832449,0.072203564,NA
42874,Scaffold1790,12963,16851,198.6986292,0.286220594,0.159204879,1.797812949,0.072206655,0.999783227
19251,Scaffold130,82350,82810,10.86619746,0.421305116,0.234391433,1.797442474,0.072265403,NA
43133,Scaffold18,221022,221811,26.23228039,0.431426913,0.240089524,1.796941844,0.072344853,NA
68974,Scaffold2516,25267,25973,2.934323875,0.284316409,0.158338135,1.795628122,0.07255368,NA
68519,Scaffold250,82733,82820,4.087225503,0.337200757,0.187884355,1.79472504,0.072697519,NA
131638,Scaffold667,72128,72424,5.959193814,0.374930085,0.208947716,1.79437274,0.072753695,NA
119145,Scaffold55,657046,657228,4.0654911,0.338932571,0.188898225,1.794260227,0.072771643,NA
25848,Scaffold142,713119,713140,1.61129621,0.22917791,0.127828449,1.792855281,0.072996067,NA
119740,Scaffold5535,1110,1247,4.067871373,0.33853166,0.188892301,1.792194056,0.073101886,NA
135527,Scaffold706,219829,220605,19.12717907,0.434774884,0.24267992,1.791556896,0.073203973,NA
67048,Scaffold2455,157508,157654,5.453904075,0.367417835,0.205214985,1.790404513,0.073388905,NA
131667,Scaffold667,178256,179877,60.71478648,0.387112588,0.216218838,1.790374012,0.073393805,0.999783227
32831,Scaffold1564,284120,284859,30.26345418,0.423717574,0.236768785,1.789583766,0.07352085,NA
130898,Scaffold66,216719,219505,142.1397883,0.302312355,0.168994993,1.788883509,0.073633578,0.999783227
89628,Scaffold337,141339,141496,2.111412439,0.26168393,0.146332003,1.788289126,0.073729373,NA
76689,Scaffold280,9908,10235,5.415326376,0.367420057,0.205470299,1.788190599,0.073745263,NA
35491,Scaffold16209,141,345,2.747441822,0.285217893,0.159697382,1.785989788,0.074100912,NA
130973,Scaffold66,625952,626418,7.300725928,0.382325821,0.214133286,1.785457216,0.074187185,NA
122829,Scaffold582,365770,367799,184.9743586,0.278679612,0.156150172,1.784689751,0.074311654,0.999783227
92753,Scaffold353,98290,98865,8.905189464,0.404728619,0.226801771,1.784503787,0.07434184,NA
141570,Scaffold783,118884,119553,24.43094244,0.431355888,0.241817949,1.783804265,0.074455476,NA
101514,Scaffold408,75900,76374,2.623074243,0.286954888,0.160902172,1.783412147,0.074519237,NA
44632,Scaffold183,387633,390467,110.2630811,0.34203448,0.191861041,1.782719815,0.074631924,0.999783227
36341,Scaffold1640,116542,116867,9.342431936,0.40669432,0.22813301,1.78270703,0.074634006,NA
8715,Scaffold11299,53,427,2.216425887,0.260884574,0.14638434,1.782189092,0.074718401,NA
106619,Scaffold449,359303,363293,319.427142,0.249193622,0.139875873,1.781533988,0.074825258,0.999783227
57748,Scaffold217,374473,375148,4.608951927,0.342239921,0.192138454,1.781215125,0.074877314,NA
90080,Scaffold34,451067,451876,12.46721273,0.424362307,0.238248395,1.781175935,0.074883714,NA
1711,Scaffold1011,138532,144293,27.27693624,0.427741006,0.240236823,1.780497269,0.074994616,NA
130569,Scaffold657,137958,138001,2.111949611,0.259161423,0.145590887,1.780066245,0.07506512,NA
69407,Scaffold2534,16534,16738,3.556746741,0.32146715,0.18063677,1.779632964,0.075136048,NA
18503,Scaffold129,253814,254493,31.3810909,0.427307933,0.240129824,1.779487135,0.075159932,NA
52801,Scaffold2020,40693,40970,7.392083224,0.383952334,0.215858024,1.778726252,0.075284653,NA
14157,Scaffold1216,195436,196203,27.80703864,0.42597196,0.239522451,1.77842185,0.075334597,NA
145714,Scaffold838,109249,111026,121.081212,0.324120977,0.182294213,1.778010238,0.075402173,0.999783227
7514,Scaffold1107,220410,221535,14.1057952,0.427597576,0.240502279,1.77793565,0.075414424,NA
149947,Scaffold895,165953,166459,22.22464741,0.430571036,0.242181396,1.777886509,0.075422496,NA
122030,Scaffold573,583310,583559,7.099539366,0.38804104,0.218319453,1.777400203,0.075502417,NA
90376,Scaffold340,540192,543055,118.3272789,0.333731918,0.187869422,1.776403605,0.075666417,0.999783227
72120,Scaffold263,453419,453515,3.106347176,0.302482855,0.17028046,1.776380304,0.075670255,NA
47841,Scaffold190,748759,749581,21.99196441,0.429501002,0.241788767,1.776348036,0.07567557,NA
155085,Scaffold966,447363,447590,4.939861997,0.355790343,0.2002938,1.776342272,0.07567652,NA
105729,Scaffold440,331222,334556,99.78778127,0.329917433,0.185784544,1.775806673,0.075764787,0.999783227
128010,Scaffold630,169153,169304,4.936944551,0.355660059,0.200295583,1.775675999,0.075786336,NA
86460,Scaffold3214,41812,42364,5.945398527,0.365498554,0.20583772,1.775663636,0.075788374,NA
153241,Scaffold94,653974,654350,9.760495306,0.408401859,0.230017727,1.775523406,0.075811504,NA
89229,Scaffold3346,765,2761,30.79545711,0.420591522,0.236968237,1.774885648,0.07591677,NA
65793,Scaffold2413,26760,27024,4.233810965,0.324115753,0.182630012,1.774712439,0.07594538,NA
56612,Scaffold213,663497,684630,1953.508433,0.182103596,0.102637174,1.774245997,0.076022469,0.999783227
132597,Scaffold68,50319,50883,20.98081082,0.429681097,0.242274711,1.773528467,0.076141179,NA
143245,Scaffold802,61375,61675,9.192992872,0.407473263,0.229840543,1.77285199,0.076253236,NA
73894,Scaffold26946,55,523,6.856443976,0.375514479,0.211857329,1.77248756,0.076313658,NA
64777,Scaffold2385,14135,15365,49.34402959,0.392458488,0.221575911,1.771214592,0.076525024,0.999783227
149828,Scaffold893,184173,184355,5.816139839,0.369138271,0.208480105,1.770616292,0.076624531,NA
81465,Scaffold3,1889344,1889606,8.406509726,0.397698565,0.224713377,1.769803699,0.076759848,NA
132675,Scaffold68,353190,354165,29.83514449,0.419745773,0.237311635,1.768753447,0.076935029,NA
128236,Scaffold632,152672,152924,7.201504807,0.386184872,0.218422998,1.768059575,0.077050945,NA
71420,Scaffold260,663731,663787,2.625991689,0.282636988,0.159867246,1.767948068,0.077069586,NA
44424,Scaffold1826,32068,32906,24.8142564,0.427196837,0.241650971,1.767825869,0.077090019,NA
153666,Scaffold946,470985,473226,118.2769721,0.321842256,0.182073195,1.767653147,0.077118907,0.999783227
87879,Scaffold329,682757,683519,30.60077317,0.417134005,0.236059397,1.767072227,0.077216133,NA
81592,Scaffold30,84037,84194,4.909499464,0.353484437,0.200104213,1.766501727,0.077311712,NA
126354,Scaffold616,442479,443396,57.76879136,0.403413918,0.228399651,1.766263282,0.077351689,0.999783227
17060,Scaffold1268,162207,162330,6.042597068,0.365320026,0.206885435,1.765808335,0.07742801,NA
11430,Scaffold1171,68344,69114,20.52585814,0.428241214,0.242585891,1.765317892,0.077510354,NA
94659,Scaffold364,431501,431581,3.216658344,0.298906739,0.169366498,1.764851623,0.077588706,NA
80095,Scaffold2949,18487,19471,33.19590361,0.417519911,0.236591328,1.764730412,0.077609085,NA
55454,Scaffold21,919905,920157,9.167521447,0.403816881,0.228975552,1.76358077,0.077802588,NA
99077,Scaffold391,621867,622282,6.842323403,0.375595819,0.213039797,1.763031251,0.077895219,NA
58775,Scaffold22,1183711,1184850,91.94324282,0.354490774,0.201206018,1.761829872,0.078098046,0.999783227
103288,Scaffold422,22614,23802,43.24192227,0.399033015,0.226606562,1.760906705,0.078254195,0.999783227
59758,Scaffold223,115324,116385,70.2256219,0.375963383,0.213555695,1.760493356,0.078324193,0.999783227
102021,Scaffold411,335190,335861,20.2782376,0.427186742,0.242679299,1.760293294,0.078358091,NA
105674,Scaffold440,103638,104326,27.63398356,0.424670533,0.241323449,1.759756604,0.078449084,NA
109553,Scaffold471,183452,183758,2.829971807,0.272287563,0.154818066,1.758758331,0.078618565,NA
26530,Scaffold143,1034165,1034518,8.097610109,0.390071482,0.221795558,1.75869835,0.078628758,NA
29232,Scaffold1492,108791,109770,50.85497196,0.382759796,0.217856431,1.756935951,0.078928727,0.999783227
17697,Scaffold1275,232089,232253,6.215046358,0.371960588,0.211768794,1.756446642,0.079012175,NA
96457,Scaffold3753,38659,38920,7.242999952,0.381627994,0.217386488,1.755527665,0.079169093,NA
11129,Scaffold1168,8486,9858,58.54416693,0.372389478,0.212223317,1.754705769,0.079309649,0.999783227
25732,Scaffold142,162310,163420,7.482959337,0.387406913,0.220887277,1.753867032,0.079453294,NA
39176,Scaffold1701,112726,116049,107.6281691,0.344822658,0.1966656,1.753345055,0.079542796,0.999783227
145051,Scaffold829,72352,72771,10.62397534,0.405622415,0.231364918,1.75317165,0.079572548,NA
127571,Scaffold628,20822,21052,6.27475457,0.369559795,0.211036145,1.75116824,0.079916934,NA
36198,Scaffold1639,116961,117057,3.234169374,0.292022253,0.1667624,1.751127665,0.079923922,NA
109017,Scaffold468,341757,342831,29.12940572,0.418530364,0.239271735,1.749184305,0.080259166,NA
48619,Scaffold192,699282,699785,11.95228436,0.414305572,0.236873874,1.749055584,0.080281412,NA
64227,Scaffold2366,67797,68370,19.89246151,0.424298675,0.242667305,1.74847895,0.080381127,NA
10621,Scaffold116,366650,367021,15.07102211,0.419384972,0.239936121,1.747902605,0.080480894,NA
154394,Scaffold957,208503,208586,3.136579148,0.297584525,0.170310185,1.74730904,0.080583746,NA
100811,Scaffold401,533569,533889,10.86499255,0.407786819,0.233397934,1.747174076,0.080607147,NA
4180,Scaffold1056,66479,67176,24.77680864,0.420453724,0.240751041,1.746425364,0.080737066,NA
31214,Scaffold1534,90069,90343,6.266539405,0.367975377,0.210740964,1.746102755,0.080793098,NA
68953,Scaffold2515,59597,59774,5.789581045,0.364117162,0.208538929,1.746039279,0.080804127,NA
18038,Scaffold128,775147,775324,5.469803587,0.352086103,0.201662739,1.745915503,0.080825636,NA
114685,Scaffold51,297336,297491,4.624489294,0.33162715,0.189999458,1.745411037,0.080913346,NA
130214,Scaffold652,126291,126435,3.565505433,0.308738044,0.176888512,1.745382106,0.080918378,NA
36326,Scaffold1640,11438,11601,3.989346203,0.326094151,0.186954627,1.7442422,0.081116866,NA
43140,Scaffold18,233328,233543,7.962901861,0.384507516,0.22070644,1.742167175,0.081479196,NA
128607,Scaffold636,212081,212734,30.9246555,0.414423275,0.237993399,1.741322561,0.081627054,NA
91140,Scaffold344,909582,910358,29.32410649,0.418693179,0.240449801,1.741291433,0.081632507,NA
128677,Scaffold636,551864,552330,20.15806353,0.422387847,0.242607036,1.741037086,0.081677078,NA
41073,Scaffold175,204556,205134,22.68255454,0.42234933,0.242629237,1.740719026,0.081732842,NA
14372,Scaffold122,266652,268697,67.16702489,0.377917267,0.217205059,1.73991006,0.081874812,0.999783227
60389,Scaffold225,56663,57453,22.1030888,0.421119295,0.242052205,1.739787062,0.081896415,NA
128549,Scaffold636,63781,66129,105.2305293,0.352481813,0.202702744,1.738909922,0.082050609,0.999783227
78505,Scaffold288,492702,493062,6.668493931,0.369517128,0.212538124,1.738592217,0.082106517,NA
146708,Scaffold853,67,415,5.074364711,0.336208764,0.193414282,1.738283028,0.082160955,NA
42486,Scaffold1782,123905,124439,14.69107686,0.418764819,0.240967735,1.737846024,0.082237949,NA
118461,Scaffold544,70192,70697,15.12820528,0.41901567,0.241140171,1.73764358,0.082273636,NA
17258,Scaffold127,516370,517698,12.71437678,0.413151342,0.237899722,1.736661729,0.082446897,NA
78285,Scaffold287,360726,362030,46.20105779,0.394266847,0.227051425,1.736464973,0.082481653,0.999783227
89315,Scaffold335,359345,359701,9.344325856,0.394048595,0.226984106,1.736018452,0.082560572,NA
140911,Scaffold775,5359,5534,3.100918895,0.294398249,0.169735982,1.734448087,0.082838609,NA
35501,Scaffold1621,27985,30956,61.96201906,0.364756582,0.21035717,1.733986922,0.082920404,0.999783227
58704,Scaffold22,650546,652261,102.8843458,0.336429603,0.194075148,1.733501721,0.083006532,0.999783227
18036,Scaffold128,764066,767071,266.2497114,0.253931567,0.14650899,1.733214926,0.083057475,0.999783227
52943,Scaffold2026,52409,52843,13.0264124,0.414694672,0.23926992,1.733166762,0.083066033,NA
7779,Scaffold1110,169645,171247,51.9433174,0.383955849,0.221659429,1.73218821,0.083240058,0.999783227
147445,Scaffold86,930755,930915,3.103299169,0.293990793,0.16973584,1.73204901,0.083264837,NA
46070,Scaffold1865,93598,94274,31.27238901,0.4187271,0.241761074,1.731987259,0.083275831,NA
126390,Scaffold617,44020,44748,16.455037,0.415082305,0.239706565,1.731626772,0.083340036,NA
62040,Scaffold23,1020890,1021315,14.7290741,0.414385967,0.239368605,1.731162557,0.083422775,NA
17664,Scaffold1275,105887,107403,39.07790232,0.399188507,0.230654252,1.730679161,0.083509004,0.999783227
140986,Scaffold776,148323,148649,8.677527329,0.391720929,0.22652913,1.729229828,0.08376797,NA
103781,Scaffold426,37997,38233,4.963096735,0.335532377,0.194110039,1.728567869,0.083886464,NA
54091,Scaffold206,597392,599377,124.6080297,0.307207051,0.177827423,1.727557239,0.084067635,0.999783227
113850,Scaffold502,42727,43284,15.0361739,0.416264735,0.241032819,1.72700438,0.084166877,NA
125468,Scaffold608,77978,78322,13.29030626,0.411979698,0.238565887,1.726901121,0.084185423,NA
127758,Scaffold63,64025,64057,1.620048548,0.213976013,0.1239765,1.725940098,0.08435819,NA
23476,Scaffold1378,104550,104753,6.132586888,0.365188808,0.211599928,1.725845613,0.084375191,NA
154141,Scaffold951,69069,69255,5.731236252,0.359369966,0.208236098,1.725781305,0.084386764,NA
74116,Scaffold270,341471,341859,1.521632076,0.214148421,0.124091973,1.725723402,0.084397186,NA
17855,Scaffold1278,140393,141019,29.56033537,0.417903999,0.242256247,1.725049424,0.084518566,NA
29176,Scaffold149,669494,669622,2.964048933,0.294742963,0.170934091,1.724307665,0.084652316,NA
35620,Scaffold1626,103086,104767,7.778363151,0.373099888,0.216497597,1.723344245,0.084826291,NA
128304,Scaffold632,430292,431131,32.69560718,0.410157097,0.238112557,1.722534514,0.084972736,NA
115279,Scaffold514,278356,278539,4.409920408,0.331943548,0.192773493,1.72193564,0.085081178,NA
104362,Scaffold43,832745,833007,7.94211124,0.380481316,0.221159036,1.72039688,0.085360324,NA
110805,Scaffold48,581615,582185,11.10625119,0.403622087,0.234734851,1.719480876,0.085526847,NA
40324,Scaffold173,362059,362746,16.12546065,0.416428827,0.242209215,1.719293903,0.08556087,NA
104433,Scaffold430,200838,201194,9.172688605,0.391860065,0.227930418,1.719209168,0.085576292,NA
110248,Scaffold477,171422,172515,46.43753159,0.385392908,0.224182202,1.719105726,0.085595122,0.999783227
104975,Scaffold4358,588,901,6.38940665,0.359815094,0.209361799,1.718628212,0.085682091,NA
17000,Scaffold1266,78875,79212,11.08077342,0.403389501,0.234735384,1.718486129,0.085707982,NA
24657,Scaffold1398,52501,53012,7.406277268,0.37836958,0.220306816,1.717466518,0.085893967,NA
149790,Scaffold892,261433,261608,2.614446113,0.267405968,0.155703825,1.71740141,0.085905854,NA
155084,Scaffold966,437200,437505,8.945623289,0.381260794,0.222016278,1.717265045,0.085930756,NA
144932,Scaffold8274,1245,1316,3.157964431,0.284786899,0.165848657,1.717149263,0.085951903,NA
64686,Scaffold238,674529,674990,18.16440931,0.416257027,0.24249072,1.716589514,0.0860542,NA
147708,Scaffold864,85603,86474,39.10641134,0.395151601,0.230354796,1.715404273,0.086271133,0.999783227
2971,Scaffold1034,26349,26694,2.703022878,0.269170457,0.156923094,1.715301738,0.08628992,NA
74011,Scaffold27,340337,341233,2.99149402,0.291364285,0.169902454,1.71489156,0.08636511,NA
39435,Scaffold1708,102431,102626,4.827170555,0.337627586,0.19688376,1.714857472,0.086371361,NA
47724,Scaffold19,1311023,1311784,13.93897567,0.41167782,0.240099641,1.714612389,0.086416316,NA
13754,Scaffold1208,103757,103874,3.549068748,0.301863292,0.176057696,1.714570271,0.086424043,NA
103792,Scaffold426,65164,65461,7.892206525,0.381927662,0.22291932,1.713299959,0.08665737,NA
131971,Scaffold670,19470,19623,4.93681399,0.339222621,0.198067598,1.712660852,0.086774951,NA
114214,Scaffold505,171077,171394,7.359478051,0.378734144,0.221140107,1.712643399,0.086778164,NA
78662,Scaffold289,334323,334856,14.71578588,0.411663823,0.240409358,1.712345254,0.086833062,NA
71215,Scaffold26,481433,483350,77.15527851,0.3443173,0.201120639,1.711993865,0.086897799,0.999783227
22892,Scaffold1367,14021,16809,289.688822,0.238084284,0.139077878,1.711877449,0.086919255,0.999783227
119455,Scaffold552,13260,14263,53.67947792,0.368791804,0.215481012,1.711481675,0.086992231,0.999783227
147569,Scaffold862,173036,173336,3.90117605,0.318388631,0.186055465,1.711256539,0.087033766,NA
116436,Scaffold523,393041,393595,3.90117605,0.318388631,0.186055465,1.711256539,0.087033766,NA
38947,Scaffold17,867871,868867,42.12098239,0.3850893,0.22510069,1.710742425,0.087128672,0.999783227
71570,Scaffold261,18245,18582,7.658625557,0.373734698,0.218568248,1.709922193,0.087280262,NA
46931,Scaffold1888,13221,13447,5.757257874,0.352033925,0.205878819,1.709908411,0.087282811,NA
28012,Scaffold1461,242408,243176,20.89440245,0.414872251,0.242679526,1.709547806,0.087349524,NA
149946,Scaffold895,161957,165357,202.5571496,0.291188688,0.170399219,1.708861631,0.087476583,0.999783227
19383,Scaffold130,752605,754182,52.06174874,0.382807276,0.224028269,1.708745405,0.08749812,0.999783227
131252,Scaffold662,25330,25714,9.13228083,0.386514091,0.226250361,1.708346845,0.087572004,NA
111508,Scaffold485,585844,586220,10.80663473,0.398831528,0.233468702,1.708286907,0.08758312,NA
56194,Scaffold212,533116,535475,109.4129884,0.327109102,0.191496998,1.708168309,0.087605117,0.999783227
122826,Scaffold582,358474,358850,15.34386861,0.412218916,0.241335911,1.708071182,0.087623135,NA
2679,Scaffold103,609431,610058,33.36810868,0.401549031,0.235134995,1.707738277,0.087684916,NA
107619,Scaffold456,486664,487958,84.47405607,0.343864587,0.201364349,1.707673623,0.087696919,0.999783227
16135,Scaffold1250,49225,49647,10.04589716,0.388401425,0.227525249,1.707069552,0.087809126,NA
93967,Scaffold36,593687,595208,85.12234919,0.337740626,0.197946359,1.706222977,0.087966572,0.999783227
30845,Scaffold153,38601,41859,190.0126522,0.30602314,0.179359987,1.706195153,0.087971751,0.999783227
62340,Scaffold2305,30809,31927,57.8487053,0.368721604,0.216149416,1.705864442,0.088033321,0.999783227
55361,Scaffold21,376587,377605,39.08328803,0.394324082,0.231228646,1.705342695,0.088130529,0.999783227
143889,Scaffold8118,337,1915,36.9859335,0.397184255,0.232913738,1.70528479,0.088141323,NA
50102,Scaffold196,918121,919436,7.08032215,0.363166095,0.213047072,1.704628421,0.088263747,NA
98514,Scaffold389,344712,344950,6.51784996,0.366906607,0.215319309,1.704011632,0.088378914,NA
31581,Scaffold154,552489,552853,8.631077232,0.386969635,0.227128346,1.70374875,0.088428036,NA
154245,Scaffold953,152533,152984,11.88449154,0.400659495,0.235194335,1.703525275,0.088469812,NA
66666,Scaffold244,753305,753953,12.98296067,0.403867544,0.237124472,1.703187953,0.0885329,NA
122655,Scaffold58,829576,829868,10.80819511,0.396053357,0.232652412,1.702339359,0.088691771,NA
141935,Scaffold789,291586,291789,7.542864829,0.36753446,0.215912689,1.7022365,0.088711043,NA
109572,Scaffold4713,4337,4928,17.01961572,0.410809814,0.24136531,1.702025094,0.088750664,NA
69578,Scaffold254,376541,376709,3.129031716,0.279762906,0.164494309,1.700745199,0.088990844,NA
3358,Scaffold1040,102288,102508,7.042080866,0.367167923,0.215903458,1.700611589,0.089015947,NA
99303,Scaffold393,176326,176609,1.549077163,0.208375141,0.122568409,1.700072167,0.089117352,NA
119159,Scaffold55,686449,687218,21.92389744,0.411602048,0.242145666,1.699811745,0.089166342,NA
60549,Scaffold225,857715,857925,10.78712209,0.395369782,0.232642737,1.699471844,0.089230315,NA
97576,Scaffold3821,10828,12057,45.80206628,0.40580338,0.238797328,1.699363153,0.08925078,0.999783227
36136,Scaffold1638,44118,44208,2.927851507,0.288448366,0.169748169,1.699272322,0.089267885,NA
133263,Scaffold685,282105,283060,29.89471619,0.401334843,0.236281759,1.698543492,0.089405231,NA
76190,Scaffold279,143330,144159,36.80992333,0.394896178,0.232500999,1.698470885,0.089418923,NA
78095,Scaffold286,365863,366099,5.313106165,0.341668745,0.201201956,1.698138291,0.089481664,NA
37360,Scaffold1667,73930,74130,3.900638877,0.314715954,0.185339354,1.698052506,0.089497852,NA
65217,Scaffold24,806141,806242,2.032756707,0.243018187,0.143145507,1.697700423,0.089564318,NA
39168,Scaffold1701,91286,92554,37.97538929,0.390666623,0.23021272,1.696981045,0.089700244,0.999783227
123607,Scaffold591,21062,23921,14.78984245,0.407050253,0.239903712,1.69672345,0.089748957,NA
88508,Scaffold330,404847,405212,9.016658918,0.386057912,0.227592197,1.69627042,0.08983468,NA
9576,Scaffold114,1094648,1094862,5.260189653,0.339931717,0.200402856,1.696241883,0.089840082,NA
636,Scaffold10,1730534,1731179,24.03363364,0.40859729,0.240962077,1.695691267,0.089944363,NA
21719,Scaffold1345,73026,80167,518.0184269,0.242312406,0.142918931,1.695453537,0.089989417,0.999783227
60457,Scaffold225,389483,391031,79.21466532,0.361633734,0.213328484,1.695196661,0.09003812,0.999783227
70409,Scaffold257,522941,524832,75.8074998,0.342427183,0.202054305,1.694728471,0.090126942,0.999783227
22393,Scaffold1358,282489,284459,84.52879827,0.343885155,0.202937065,1.694540891,0.090162548,0.999783227
103627,Scaffold425,128811,128998,2.502510403,0.267015638,0.157599593,1.694266038,0.090214741,NA
22464,Scaffold136,27271,28965,39.17533664,0.387810532,0.228937605,1.693957324,0.090273393,0.999783227
89415,Scaffold336,58980,59246,8.363933883,0.376179302,0.222098684,1.69374845,0.090313093,NA
29031,Scaffold1488,249856,250160,8.802568995,0.375386865,0.221754238,1.692805825,0.090492434,NA
82533,Scaffold303,539080,541316,70.11821359,0.347590895,0.205394617,1.692307712,0.090587318,0.999783227
48188,Scaffold191,316938,321103,308.5111097,0.259622535,0.153471111,1.691670394,0.090708836,0.999783227
134998,Scaffold70,1100360,1100938,15.68702629,0.408920262,0.24179762,1.691167439,0.090804828,NA
53416,Scaffold204,179804,180374,16.22573324,0.408033991,0.241278779,1.691130867,0.090811811,NA
144318,Scaffold82,300890,301085,3.958853109,0.314263357,0.185889238,1.690594683,0.090914241,NA
105459,Scaffold44,78764,78938,3.878904474,0.314385729,0.185968758,1.690529811,0.09092664,NA
151971,Scaffold92,458823,458999,6.150316476,0.356801253,0.211091473,1.690268429,0.090976612,NA
47055,Scaffold189,406010,406269,6.184429055,0.355099583,0.210212232,1.689243202,0.091172833,NA
24500,Scaffold1396,248775,249421,16.90503456,0.409087302,0.242357189,1.687951995,0.091420444,NA
1015,Scaffold1001,82573,83060,16.15217376,0.405407348,0.240205901,1.687749326,0.091459359,NA
117973,Scaffold54,762815,765219,104.7949972,0.315549907,0.187001624,1.687418003,0.091523005,0.999783227
39174,Scaffold1701,109171,109854,28.05784608,0.404149675,0.23955085,1.687114347,0.091581367,NA
131669,Scaffold667,186126,187889,95.31527599,0.333934602,0.197990255,1.686621404,0.091676174,0.999783227
73703,Scaffold269,112716,113029,7.031479074,0.363971714,0.215823263,1.686434116,0.091712215,NA
16825,Scaffold1262,111755,112266,11.64747724,0.395719535,0.234769772,1.685564252,0.091879759,NA
77042,Scaffold281,520657,521613,52.62224863,0.377493296,0.224003236,1.685213582,0.091947372,0.999783227
6814,Scaffold11,372947,373107,2.540208162,0.259326956,0.153934831,1.684654178,0.092055312,NA
86989,Scaffold3248,20597,20767,5.281243298,0.341851771,0.202938473,1.684509423,0.09208326,NA
72387,Scaffold264,381208,381825,6.220213516,0.351952419,0.208973716,1.684194669,0.092144053,NA
47628,Scaffold19,997830,999911,98.59714431,0.339904272,0.201866173,1.683809955,0.092218403,0.999783227
27741,Scaffold14535,0,265,19.76591513,0.408372713,0.242554871,1.683630231,0.092253152,NA
120710,Scaffold563,116628,117234,26.06009103,0.404410209,0.240233728,1.683403128,0.092297078,NA
114645,Scaffold51,109492,109664,7.39634321,0.366527308,0.217760408,1.683167801,0.092342612,NA
55912,Scaffold2110,4153,6458,63.15335631,0.364297055,0.216453572,1.683026306,0.092369999,0.999783227
108119,Scaffold460,370385,370867,11.23498692,0.384655523,0.228583774,1.682777023,0.092418265,NA
147900,Scaffold868,57713,58025,8.622449103,0.379967425,0.225848052,1.682402936,0.092490732,NA
19065,Scaffold13,353889,354115,7.298346374,0.368660913,0.219135895,1.682339229,0.092503078,NA
30083,Scaffold151,860961,861296,7.990551763,0.354282047,0.21059503,1.682290637,0.092512496,NA
119962,Scaffold556,485987,486584,15.58297141,0.397444527,0.236265765,1.682192625,0.092531494,NA
16472,Scaffold1256,406413,406642,5.747542375,0.346798584,0.206170898,1.682092806,0.092550845,NA
21218,Scaffold1334,39455,39776,4.131389677,0.305303895,0.181503729,1.682080563,0.092553219,NA
53183,Scaffold2031,65459,66406,52.75570058,0.375088657,0.223000311,1.682009568,0.092566985,0.999783227
12891,Scaffold1197,155227,155645,5.26298289,0.336500799,0.200086659,1.681775291,0.092612422,NA
141919,Scaffold789,197764,199139,108.9934219,0.325304945,0.193507038,1.68110136,0.092743228,0.999783227
133031,Scaffold682,295133,295596,11.11721663,0.386755843,0.230161679,1.680365925,0.092886142,NA
16061,Scaffold125,194779,195468,24.83618974,0.406281216,0.241820186,1.68009637,0.092938567,NA
122820,Scaffold582,344213,345945,56.38813344,0.377322286,0.224587889,1.680065152,0.09294464,0.999783227
10403,Scaffold1156,164972,165589,12.42049038,0.394051716,0.234646722,1.679340385,0.093085724,NA
88539,Scaffold3301,50979,53285,81.43999763,0.364121863,0.216833197,1.679271756,0.093099093,0.999783227
17557,Scaffold1272,201772,201909,4.126085604,0.306422237,0.182493378,1.679086884,0.093135112,NA
94236,Scaffold361,65090,65319,5.687354481,0.347016168,0.206690951,1.678913208,0.09316896,NA
76506,Scaffold28,204220,208626,200.0310965,0.265385044,0.158160123,1.677951683,0.093356532,0.999783227
54592,Scaffold2073,8028,8364,8.122870046,0.377485415,0.225010003,1.677638373,0.093417717,NA
16920,Scaffold1264,191013,191505,21.38200367,0.406398169,0.242299877,1.677252895,0.093493039,NA
105885,Scaffold442,141297,141596,2.00531162,0.238247649,0.142052867,1.677175922,0.093508086,NA
103061,Scaffold420,174765,177146,126.8630932,0.299989529,0.178899145,1.676863959,0.093569087,0.999783227
136957,Scaffold724,373140,374672,53.68771628,0.366005018,0.218269614,1.676848244,0.093572161,0.999783227
134574,Scaffold7,804,1342,12.11530691,0.397849293,0.237292494,1.676619792,0.093616854,NA
100080,Scaffold4,36536,36877,8.161605539,0.363463769,0.216815216,1.676375745,0.093664617,NA
116410,Scaffold523,111319,112467,57.51515798,0.359923085,0.214723154,1.676219254,0.093695254,0.999783227
36526,Scaffold1642,252794,253837,60.80305684,0.366056945,0.218382789,1.676217008,0.093695694,0.999783227
41503,Scaffold176,281181,283527,68.44991058,0.345104458,0.205908727,1.676006955,0.09373683,0.999783227
132815,Scaffold68,1056276,1057682,47.85215169,0.378887012,0.226153744,1.675351494,0.093865288,0.999783227
130756,Scaffold658,489163,489479,13.92939073,0.401089951,0.23941195,1.675312992,0.093872838,NA
4703,Scaffold1063,302518,302955,13.9063805,0.397185003,0.237103896,1.675151736,0.093904464,NA
119776,Scaffold554,310376,310543,4.714697672,0.331842981,0.198139705,1.674792953,0.093974862,NA
12114,Scaffold1183,193463,193681,6.847816247,0.36451559,0.217653853,1.67474908,0.093983473,NA
141889,Scaffold789,83810,83885,3.870276344,0.30830932,0.184162404,1.674116503,0.094107705,NA
59943,Scaffold2232,100622,100805,5.192666533,0.338089205,0.201981566,1.673861686,0.094157786,NA
50330,Scaffold197,354345,354456,1.966196749,0.237998177,0.1421875,1.673833336,0.094163359,NA
90986,Scaffold344,296271,297685,34.8728229,0.389230034,0.232560738,1.673670449,0.094195384,NA
133322,Scaffold686,139867,140046,5.165227799,0.336901343,0.201299989,1.673628229,0.094203687,NA
139342,Scaffold756,38877,40450,114.7702882,0.316109264,0.188979098,1.672720781,0.094382276,0.999783227
125171,Scaffold605,301757,302106,13.25082807,0.399544417,0.238915665,1.672324066,0.094460437,NA
14332,Scaffold122,128073,129516,39.91366978,0.394913398,0.236180708,1.672081521,0.094508248,0.999783227
134777,Scaffold7,1640488,1641157,16.48150225,0.404607281,0.242011635,1.671850531,0.0945538,NA
25479,Scaffold1411,121327,121586,3.480601845,0.291675462,0.174475417,1.671728131,0.094577944,NA
43431,Scaffold1802,24047,24122,1.700960344,0.201809895,0.120720087,1.671717614,0.094580019,NA
128109,Scaffold630,604638,606177,61.07404348,0.3720311,0.222571631,1.671511764,0.094620637,0.999783227
122845,Scaffold583,3450,18939,40.25027371,0.386332207,0.231138147,1.671434217,0.094635942,0.999783227
36339,Scaffold1640,110654,110995,14.42961408,0.40186372,0.240462929,1.67120862,0.094680478,NA
64409,Scaffold2371,26921,27071,4.313884209,0.321247656,0.192243936,1.671041818,0.094713418,NA
104582,Scaffold432,21301,21539,4.782214439,0.32715039,0.195796452,1.670869855,0.094747387,NA
87604,Scaffold328,219012,219125,3.367242669,0.295972041,0.177201793,1.670254208,0.094869079,NA
135494,Scaffold706,94834,94963,3.367242669,0.295972041,0.177201793,1.670254208,0.094869079,NA
87808,Scaffold329,452353,452762,12.22256371,0.396622519,0.237545249,1.669671448,0.094984386,NA
36910,Scaffold1651,91528,93086,48.53571403,0.372968499,0.223403899,1.669480709,0.09502215,0.999783227
126104,Scaffold614,21775,22025,5.337751662,0.332820202,0.199382412,1.669255566,0.095066742,NA
139398,Scaffold756,301028,301263,8.162397882,0.374474622,0.224442204,1.668467943,0.09522287,NA
30850,Scaffold153,47781,48200,12.64932828,0.397240197,0.238105606,1.668336178,0.09524901,NA
93700,Scaffold3580,34425,36282,58.29905545,0.375550545,0.225176918,1.667802139,0.095355011,0.999783227
13523,Scaffold1204,162997,163107,4.348788731,0.313877739,0.188203066,1.667761028,0.095363175,NA
21357,Scaffold1339,178928,179302,13.62720824,0.40016469,0.240013474,1.667259271,0.095462862,NA
64582,Scaffold238,130454,130797,10.78286918,0.388349197,0.232955662,1.667051977,0.09550407,NA
84534,Scaffold312,280832,281411,20.74400625,0.404551194,0.242675699,1.667044522,0.095505552,NA
143444,Scaffold805,81865,82436,13.3468217,0.399190816,0.23953236,1.666542326,0.095605445,NA
77046,Scaffold281,528384,530070,54.81488313,0.359929264,0.21598363,1.666465482,0.095620738,0.999783227
156139,Scaffold984,102336,102482,3.039656656,0.276891188,0.166159311,1.66641993,0.095629804,NA
154891,Scaffold964,130588,130741,3.364325223,0.294908838,0.1769781,1.666357802,0.09564217,NA
54252,Scaffold2064,144993,145540,16.826828,0.403329564,0.242065086,1.666202967,0.095672995,NA
129364,Scaffold643,156768,157316,14.53079425,0.400660371,0.240573946,1.665435416,0.095825919,NA
110521,Scaffold478,659510,660830,85.85474745,0.327449089,0.196629997,1.665305874,0.095851747,0.999783227
7350,Scaffold1104,338128,338990,23.9248765,0.401747552,0.241313045,1.664839765,0.095944728,NA
125828,Scaffold610,227752,228098,8.879788955,0.379115804,0.227760925,1.664534003,0.096005762,NA
36321,Scaffold164,744280,744650,10.53290116,0.389448459,0.233974283,1.664492585,0.096014032,NA
103714,Scaffold425,520492,521786,51.98507761,0.369820396,0.222183419,1.664482422,0.096016061,0.999783227
48880,Scaffold1928,48847,49705,22.48534047,0.402388201,0.241755349,1.664443837,0.096023766,NA
75606,Scaffold2767,14578,15075,20.02986498,0.403698002,0.242547529,1.664407808,0.096030961,NA
140494,Scaffold77,579431,579572,5.654211416,0.338780513,0.20359077,1.664026875,0.096107059,NA
57418,Scaffold216,287875,289027,45.48626229,0.377339732,0.226765336,1.664009761,0.096110479,0.999783227
27938,Scaffold146,613332,615352,79.47704489,0.343882397,0.206746382,1.663305508,0.096251297,0.999783227
136297,Scaffold716,136635,136760,4.819298157,0.325846404,0.195981642,1.662637384,0.096385043,NA
139702,Scaffold76,293847,294293,8.109357161,0.372832922,0.224246545,1.662602748,0.096391981,NA
22469,Scaffold136,62076,62457,10.5611725,0.388799654,0.233851194,1.662594268,0.096393679,NA
2495,Scaffold1028,192559,193814,30.62281388,0.3937277,0.236938291,1.661730984,0.096566726,NA
77701,Scaffold284,314382,314428,3.010717588,0.277968493,0.167284696,1.661649269,0.096583119,NA
139038,Scaffold752,9,2114,7.311526901,0.350652171,0.211032278,1.661604449,0.096592111,NA
20587,Scaffold1322,21248,21672,5.354470748,0.332338374,0.200065018,1.661151851,0.096682953,NA
17184,Scaffold127,309960,312267,123.6962884,0.293647904,0.176780374,1.661088831,0.096695607,0.999783227
122026,Scaffold573,576396,576477,4.802861473,0.327028192,0.196958578,1.6603907,0.09683588,NA
125493,Scaffold608,213414,214293,22.89193323,0.40264843,0.242535272,1.660164425,0.096881379,NA
154933,Scaffold964,369810,370006,4.687252585,0.327997806,0.197582139,1.660057977,0.09690279,NA
150057,Scaffold897,49140,49567,4.764820947,0.327393936,0.197225473,1.659998234,0.096914808,NA
117760,Scaffold539,204773,204980,6.952198173,0.353733752,0.213098912,1.659951002,0.09692431,NA
93792,Scaffold359,401604,404709,9.474128788,0.379527174,0.228650954,1.659853887,0.09694385,NA
14718,Scaffold1224,43456,43738,7.766882138,0.369034577,0.222351588,1.659689412,0.09697695,NA
93232,Scaffold356,117425,118077,28.07153687,0.398238328,0.239960824,1.659597269,0.096995498,NA
38049,Scaffold168,619111,620439,62.64873574,0.349475596,0.210645029,1.65907355,0.097100972,0.999783227
102703,Scaffold418,80359,80628,6.979257928,0.357836321,0.215848077,1.657815658,0.09735468,NA
13555,Scaffold1205,142782,143146,7.7649215,0.367184037,0.22149119,1.657781685,0.097361539,NA
119594,Scaffold552,476669,476966,7.83052465,0.367136799,0.221488575,1.657587978,0.097400658,NA
100461,Scaffold40,346691,347401,39.09275178,0.378856368,0.228614188,1.657186597,0.097481755,0.999783227
58208,Scaffold2187,56499,56617,1.927743259,0.232120745,0.140077227,1.65709124,0.09750103,NA
41689,Scaffold1764,155399,156142,16.70172884,0.401625562,0.242395682,1.65690065,0.097539563,NA
23017,Scaffold137,167131,167301,4.23685302,0.317108742,0.191399777,1.656787411,0.097562463,NA
13904,Scaffold121,433816,433931,2.389281788,0.256783416,0.154997225,1.656696868,0.097580777,NA
39857,Scaffold1719,71586,71910,1.424709584,0.198936762,0.120091894,1.656537799,0.097612957,NA
123566,Scaffold590,120504,120809,3.895210596,0.305588463,0.184517165,1.65615195,0.097691051,NA
102569,Scaffold4168,31921,32647,16.36325832,0.401065164,0.242168946,1.656137878,0.0976939,NA
30161,Scaffold1512,69971,70698,19.79122804,0.401820261,0.242668944,1.655837184,0.097754795,NA
38365,Scaffold169,546651,546953,8.453373506,0.374960602,0.226480301,1.65559919,0.097803014,NA
41397,Scaffold1758,187965,188399,14.42149359,0.398273842,0.240741724,1.654361509,0.098054082,NA
104016,Scaffold4272,12320,12766,3.077277547,0.27417592,0.165774249,1.653911398,0.098145516,NA
115923,Scaffold52,413891,414011,4.941705098,0.318400635,0.192534824,1.653730105,0.098182363,NA
22637,Scaffold136,911255,911347,4.306330425,0.314121527,0.190003886,1.653237384,0.098282561,NA
25234,Scaffold1407,53807,53923,1.42762703,0.198086702,0.119858916,1.652665549,0.09839895,NA
151966,Scaffold92,443360,443594,6.593038048,0.349899854,0.211795334,1.652065923,0.098521113,NA
114664,Scaffold51,185860,185977,4.806872642,0.317609638,0.192255606,1.652017568,0.09853097,NA
21133,Scaffold1331,156793,157319,14.82041431,0.395750918,0.239579186,1.651858515,0.098563397,NA
154475,Scaffold958,254206,254328,3.832235818,0.30200928,0.182847449,1.651700813,0.098595557,NA
103633,Scaffold425,151498,153434,141.0859195,0.295508419,0.178917178,1.651649229,0.098606078,0.999783227
39203,Scaffold1702,23317,23700,10.48652793,0.385195409,0.233263654,1.651330595,0.098671088,NA
78882,Scaffold29,351204,351461,6.011485876,0.346791842,0.21005856,1.650929354,0.098753001,NA
22876,Scaffold1366,134658,135273,29.36646284,0.396846179,0.240449059,1.650437645,0.098853457,NA
125326,Scaffold607,108806,109047,4.314841017,0.312969842,0.189696521,1.649844921,0.098974658,NA
6875,Scaffold11,612552,613346,24.21990394,0.398476983,0.241542005,1.649721271,0.098999958,NA
7023,Scaffold110,190702,191111,14.12934927,0.394753635,0.239321166,1.649472302,0.099050913,NA
77024,Scaffold281,435763,436110,13.6605994,0.395731998,0.239920973,1.649426445,0.099060301,NA
60922,Scaffold2264,116439,116699,3.47917838,0.283373915,0.171839539,1.649061193,0.099135099,NA
127958,Scaffold63,962075,962414,9.698477736,0.380999573,0.231088494,1.648717193,0.099205586,NA
153752,Scaffold948,55653,56602,2.17071404,0.225056055,0.136538003,1.648303402,0.099290427,NA
70921,Scaffold259,248209,249077,25.40657191,0.398142339,0.241554608,1.648249822,0.099301417,NA
59785,Scaffold223,347768,349643,136.6465844,0.28287614,0.171639063,1.648087184,0.099334782,0.999783227
127401,Scaffold626,175386,175698,6.647528283,0.343320588,0.208325226,1.648002951,0.099352066,NA
51859,Scaffold20,607254,607469,7.27302679,0.361462287,0.219350133,1.647878128,0.099377682,NA
78854,Scaffold29,217542,218823,45.72834941,0.368173341,0.223447596,1.647694349,0.099415408,0.999783227
105246,Scaffold438,397379,400058,187.6846572,0.27476802,0.166783608,1.647452189,0.099465136,0.999783227
52233,Scaffold2003,33595,33842,4.219879163,0.31653112,0.192140896,1.647390668,0.099477772,NA
150453,Scaffold9,1656860,1657357,16.96538327,0.399442661,0.242519324,1.647054987,0.099546744,NA
56492,Scaffold213,172488,172832,8.735198035,0.368065867,0.223557592,1.6464029,0.099680836,NA
44142,Scaffold1819,109371,109576,4.315915362,0.311315069,0.189102023,1.646281004,0.099705919,NA
88010,Scaffold3290,12839,13426,6.46989881,0.334694564,0.20339257,1.645559442,0.099854495,NA
32803,Scaffold1564,206162,206395,3.917075562,0.296852887,0.180403471,1.645494326,0.099867912,NA
23637,Scaffold138,124541,124994,11.58875609,0.389768998,0.236951158,1.644933925,0.099983438,NA
144368,Scaffold82,601851,602046,8.836461438,0.366981582,0.223103114,1.644896724,0.099991111,NA